,og_image
3099,3
7548,3
9714,3
4,13
2267,13
9636,13
6,8290
886,8290
11002,8290
12974,8290
10,12382
5121,12382
5652,12382
8231,12382
8838,12382
10622,12382
25,6947
279,6947
954,6947
2637,6947
4245,6947
5967,6947
6235,6947
7041,6947
7107,6947
9378,6947
9411,6947
9615,6947
32,13111
2203,13111
3035,13111
3554,13111
42,4903
7605,4903
8312,4903
51,4346
1328,4346
11399,4346
418,62
1838,62
10045,62
10049,62
6297,789
10830,789
11234,789
80,4022
4138,4022
4957,4022
10755,4022
81,8489
6655,8489
8255,8489
4368,88
11533,88
11683,88
99,3598
1744,3598
3610,3598
12407,3598
105,109
2284,109
3357,109
6326,109
7137,109
8118,109
8480,109
10178,109
113,9887
1648,9887
3192,9887
6348,9887
6475,9887
121,8326
175,8326
648,8326
1877,8326
2454,8326
3356,8326
3559,8326
4153,8326
4991,8326
7900,8326
9605,8326
9689,8326
11403,8326
13002,8326
131,10717
8740,10717
11266,10717
156,6635
256,6635
9154,6635
164,995
905,995
1193,995
184,3568
3667,3568
8564,3568
10179,3568
509,187
6217,187
12227,187
194,2297
4231,2297
8502,2297
206,3605
4204,3605
7671,3605
1604,4216
3736,4216
10397,4216
11885,4216
221,2876
2022,2876
3749,2876
4232,2876
6396,2876
6575,2876
7825,2876
11502,2876
12169,2876
248,8222
1307,8222
9817,8222
12963,8222
251,6022
380,6022
1594,6022
4846,6022
5217,6022
7196,6022
12555,6022
252,7337
1806,7337
2774,7337
10483,7337
269,3149
3997,3149
7790,3149
523,285
635,285
2906,285
4596,285
9757,285
12333,285
291,5715
4237,5715
6814,5715
299,5541
1870,5541
6059,5541
302,12930
537,12930
3317,12930
8702,12930
7264,306
10675,306
11015,306
4963,9683
5722,9683
13048,9683
1748,2396
4230,2396
8620,2396
10832,2396
341,4334
8151,4334
11819,4334
344,5936
1350,5936
7943,5936
355,4760
3798,4760
9245,4760
359,8340
2154,8340
4003,8340
5261,8340
5971,8340
6923,8340
7662,8340
8323,8340
10556,8340
11493,8340
13208,8340
377,3337
3287,3337
12534,3337
387,11659
1763,11659
5524,11659
397,9664
7610,9664
8804,9664
401,3277
4190,3277
4785,3277
8933,3277
412,10812
638,10812
3057,10812
12985,10812
415,11322
3434,11322
3771,11322
5142,11322
6338,11322
8775,11322
11829,11322
12447,11322
2296,416
2833,416
12110,416
13304,416
421,6976
2299,6976
4269,6976
11986,6976
3262,10051
3465,10051
4899,10051
6540,10051
7498,10051
8208,10051
10384,10051
11922,10051
9850,441
10394,441
11389,441
491,459
3981,459
8405,459
11760,459
460,10446
3301,10446
9261,10446
485,2026
11185,2026
12522,2026
496,5131
8870,5131
10811,5131
508,7040
753,7040
4004,7040
524,663
7168,663
12391,663
539,3838
680,3838
1019,3838
3977,3838
4886,3838
8877,3838
8931,3838
10393,3838
12852,3838
3040,548
4464,548
5074,548
6053,548
9126,548
11535,548
554,6211
949,6211
2710,6211
3124,6211
3407,6211
3999,6211
5234,6211
11914,6211
557,5245
3195,5245
3306,5245
560,10872
1425,10872
7827,10872
9480,10872
10329,10872
11907,10872
12406,10872
563,4869
622,4869
8216,4869
10428,4869
565,12882
10385,12882
12007,12882
574,7342
2248,7342
3861,7342
9402,7342
12142,7342
12437,7342
595,9716
1109,9716
2887,9716
5982,9716
6822,9716
9606,9716
9643,9716
9712,9716
12483,9716
609,5043
12290,5043
12617,5043
1909,624
1969,624
2294,624
4843,4630
5890,4630
11673,4630
634,11832
5628,11832
6213,11832
7816,11832
11316,11832
659,12047
843,12047
1943,12047
2233,12047
6252,12047
12245,12047
1749,5407
2056,5407
3131,5407
4463,5407
4550,5407
5083,5407
683,2207
1384,2207
3005,2207
4104,2207
5823,13312
10018,13312
11996,13312
702,10818
1998,10818
2237,10818
3658,10818
711,7249
4446,7249
5238,7249
7905,7249
8148,7249
12931,7249
750,3397
5829,3397
12412,3397
13068,3397
754,3198
6894,3198
8224,3198
1101,779
5370,779
7235,779
11348,779
11927,779
788,6313
5529,6313
12798,6313
817,6406
2527,6406
5447,6406
7202,6406
8485,6406
4520,4505
5840,4505
8104,4505
13156,4505
10604,822
11009,822
12929,822
826,11881
3764,11881
9988,11881
834,12354
1788,12354
4079,12354
9306,12354
835,5240
7926,5240
11254,5240
844,6341
8977,6341
9238,6341
857,3200
7029,3200
7841,3200
10254,3200
10490,3200
3093,12257
3647,12257
3685,12257
10233,12257
11479,12257
964,6932
5176,6932
6002,6932
9005,6932
968,5438
1434,5438
11481,5438
7305,980
7408,980
12065,980
985,7134
3250,7134
8947,7134
9265,7134
12828,7134
13180,7134
987,1785
1453,1785
1828,1785
4127,1785
7773,1785
8328,1785
8737,1785
10893,1785
999,9241
2313,9241
7381,9241
7624,9241
1020,4277
4467,4277
6945,4277
1048,5287
3909,5287
5157,5287
7399,5287
9523,5287
1024,11662
3130,11662
3389,11662
3822,11662
5194,11662
12070,11662
12266,11662
13292,11662
1094,1842
1257,1842
1393,1842
1925,1842
12850,1842
1112,3270
5465,3270
7617,3270
9443,3270
1130,10575
9020,10575
10053,10575
6190,4523
8163,4523
13011,4523
4954,1153
7722,1153
8135,1153
13319,1153
1171,10378
11666,10378
12894,10378
4075,1224
6633,1224
8367,1224
11060,1224
1845,1248
2044,1248
9506,1248
12511,1248
1255,4262
7307,4262
9183,4262
9207,4262
9304,4262
1272,2013
1963,2013
2150,2013
4588,2013
5862,2013
6922,2013
9093,1282
10989,1282
11126,1282
1320,3288
2626,3288
3361,3288
3681,3288
7372,3288
11542,3288
1340,7914
3719,7914
4990,7914
1346,4755
7478,4755
10305,4755
10935,4755
11625,4755
1414,5876
5895,5876
9882,5876
10719,5876
11450,5876
1535,1444
2943,1444
6642,1444
1455,3805
1926,3805
7236,3805
9044,3805
1473,11780
2093,11780
7398,11780
11939,11780
2542,7047
8972,7047
9215,7047
10520,7047
1539,8027
8759,8027
9599,8027
10826,8027
1839,1555
3373,1555
11869,1555
1567,2819
12318,2819
12372,2819
1579,8080
2564,8080
2605,8080
2666,8080
3186,8080
3436,8080
4141,8080
6888,8080
7073,8080
11981,8080
12021,8080
1603,10107
1611,10107
3363,10107
7224,10107
1800,1613
4964,1613
10323,1613
12619,1613
1622,6171
2004,6171
6611,6171
9002,6171
10557,6171
1673,12302
3808,12302
12897,12302
1682,8728
2020,8728
7767,8728
10281,8728
1723,6092
1983,6092
2113,6092
1794,5819
3690,5819
5039,5819
1799,6030
2733,6030
8260,6030
9932,6030
10479,6030
11827,6030
1804,8047
4735,8047
9646,8047
12025,8047
1817,6442
1873,6442
3592,6442
8140,6442
10730,6442
1874,10288
2901,10288
8879,10288
4244,5744
4323,5744
4425,5744
8039,5744
1956,5312
8973,5312
11215,5312
12194,5312
1957,2439
3765,2439
5467,2439
1989,8069
2416,8069
13265,8069
2087,12223
2786,12223
11136,12223
2199,4124
9105,4124
12680,4124
2229,7358
5041,7358
6284,7358
3393,3383
5614,3383
13092,3383
2316,9560
10725,9560
11894,9560
4632,2370
8190,2370
9465,2370
11082,2370
12631,2370
12672,2370
2429,4924
4666,4924
8974,4924
9445,4924
12165,4924
2872,2437
6385,2437
8095,2437
3010,2440
3233,2440
4678,2440
6051,2440
2469,12858
6707,12858
11594,12858
2521,9081
5514,9081
12938,9081
5686,6639
9608,6639
12621,6639
2530,4579
4218,4579
11191,4579
2660,4764
7674,4764
9863,4764
2670,13315
7276,13315
11670,13315
12628,13315
2687,7834
9337,7834
13020,7834
2690,5949
7707,5949
9566,5949
12045,5949
3540,13118
6120,13118
7752,13118
10363,13118
3661,2750
8776,2750
9111,2750
3338,2758
6840,2758
8294,2758
8969,2758
2760,8466
3473,8466
7784,8466
8966,8466
2822,5307
5285,5307
5752,5307
7070,5307
9345,5307
9372,5307
12179,5307
2930,7579
3656,7579
8568,7579
2940,9824
3417,9824
5463,9824
3026,3252
5564,3252
10789,3252
3164,7607
10431,7607
12808,7607
3304,4812
6545,4812
10635,4812
3315,3459
7124,3459
11853,3459
3429,9365
4829,9365
8819,9365
10241,9365
11671,9365
3443,11167
5768,11167
13328,11167
3447,10114
11598,10114
11995,10114
3504,13259
3517,13259
5027,13259
3606,5986
4363,5986
5225,5986
10298,5986
12304,5986
5834,3628
7181,3628
13313,3628
4882,11710
8449,11710
8625,11710
10168,11710
10868,11710
12594,11710
3680,9063
8554,9063
9191,9063
13347,9063
6466,3686
7569,3686
12298,3686
10244,3721
12603,3721
13073,3721
3748,7375
5333,7375
10975,7375
3762,4507
7147,4507
12531,4507
12948,4507
5028,7701
11764,7701
13357,7701
8107,5805
8383,5805
8389,5805
8435,3927
11563,3927
13337,3927
3973,7117
5042,7117
9156,7117
6361,4028
9130,4028
9491,4028
4043,6843
9996,6843
10204,6843
4688,4109
8708,4109
9119,4109
13144,4109
4278,12011
5550,12011
9448,12011
4333,9961
4459,9961
5689,9961
5100,4403
5923,4403
8693,4403
4437,9719
6595,9719
12226,9719
4497,7000
5655,7000
5770,7000
4725,7312
8439,7312
13151,7312
5091,4809
7644,4809
11030,4809
5747,12187
12713,12187
12744,12187
8457,7808
10387,7808
12735,7808
12837,7808
5174,7537
7431,7537
11761,7537
5460,8591
6592,8591
11151,8591
5485,13082
6243,13082
8530,13082
5714,8029
5874,8029
6433,8029
5802,11805
10294,11805
10347,11805
5808,7950
10631,7950
12480,7950
6003,12999
6693,12999
12926,12999
6071,9989
9551,9989
11518,9989
7242,6091
8296,6091
13035,6091
6570,6836
11969,6836
12463,6836
11690,6805
12421,6805
12961,6805
6983,10054
8856,10054
9297,10054
11510,10054
7023,7186
8796,7186
11848,7186
9051,10633
12607,10633
12819,10633
9601,10978
10805,10978
11486,10978
13086,10978
